date,temperature,humidity,luminosity,pressure
2023-12-21 14:53:58.385,17.8,29.5,1624,1017.2
2023-12-21 14:53:56.341,17.8,29.5,1620,1017.2
2023-12-21 14:53:54.298,17.9,29.5,1620,1017.2
2023-12-21 14:53:52.255,17.8,29.6,1619,1017.2
2023-12-21 14:53:50.212,17.8,29.4,1620,1017.2
2023-12-21 14:53:48.169,17.8,29.5,1622,1017.2
2023-12-21 14:53:46.126,17.8,29.5,1619,1017.2
2023-12-21 14:53:44.083,17.8,29.5,1618,1017.3
2023-12-21 14:53:42.040,17.9,29.5,1658,1017.3
2023-12-21 14:53:39.996,17.8,29.5,1703,1017.3
2023-12-21 14:53:37.953,17.8,29.4,1698,1017.3
2023-12-21 14:53:35.910,17.8,29.5,1699,1017.3
2023-12-21 14:53:33.867,17.8,29.5,1705,1017.3
2023-12-21 14:53:31.823,17.8,29.4,1704,1017.3
2023-12-21 14:53:29.780,17.8,29.5,1703,1017.3
2023-12-21 14:53:27.737,17.8,29.3,1701,1017.3
2023-12-21 14:53:25.693,17.8,29.3,1705,1017.3
2023-12-21 14:53:23.651,17.7,29.3,1703,1017.3
2023-12-21 14:53:21.607,17.8,29.3,1699,1017.3
2023-12-21 14:53:19.564,17.7,29.2,1695,1017.3
2023-12-21 14:53:17.521,17.7,29.3,1684,1017.3
2023-12-21 14:53:15.478,17.8,29.3,1682,1017.3
2023-12-21 14:53:13.434,17.8,29.3,1685,1017.3
2023-12-21 14:53:11.391,17.9,29.3,1686,1017.3
2023-12-21 14:53:09.348,17.8,29.3,1686,1017.3
2023-12-21 14:53:07.306,17.8,29.3,1690,1017.3
2023-12-21 14:53:05.262,17.8,29.3,1691,1017.3
2023-12-21 14:53:03.220,17.8,29.3,1687,1017.3
2023-12-21 14:53:01.176,17.8,29.4,1686,1017.3
2023-12-21 14:52:59.133,17.8,29.5,1687,1017.3
2023-12-21 14:52:57.090,17.8,29.5,1691,1017.3
2023-12-21 14:52:55.047,17.8,29.5,1695,1017.3
2023-12-21 14:52:53.004,17.8,29.6,1690,1017.2
2023-12-21 14:52:50.960,17.8,29.6,1689,1017.2
2023-12-21 14:52:48.917,17.8,29.5,1694,1017.3
2023-12-21 14:52:46.872,17.8,29.6,1698,1017.3
2023-12-21 14:52:44.829,17.8,29.7,1704,1017.2
2023-12-21 14:52:42.786,17.8,29.7,1704,1017.2
2023-12-21 14:52:40.742,17.8,29.8,1703,1017.2
2023-12-21 14:52:38.700,17.8,29.8,1701,1017.2
2023-12-21 14:52:36.656,17.8,29.8,1698,1017.2
2023-12-21 14:52:34.613,17.8,29.8,1702,1017.2
2023-12-21 14:52:32.570,17.8,29.9,1702,1017.2
2023-12-21 14:52:30.527,17.8,29.9,1702,1017.2
2023-12-21 14:52:28.483,17.8,29.9,1698,1017.2
2023-12-21 14:52:26.440,17.8,29.9,1696,1017.2
2023-12-21 14:52:24.397,17.8,29.8,1696,1017.2
2023-12-21 14:52:22.354,17.8,29.7,1698,1017.2
2023-12-21 14:52:20.311,17.8,29.7,1702,1017.2
2023-12-21 14:52:18.268,17.8,29.7,1705,1017.2
2023-12-21 14:52:16.225,17.8,29.7,1700,1017.1
2023-12-21 14:52:14.181,17.8,29.9,1698,1017.2
2023-12-21 14:52:12.138,17.8,29.9,1696,1017.2
2023-12-21 14:52:10.094,17.8,29.9,1702,1017.2
2023-12-21 14:52:08.051,17.8,29.9,1705,1017.2
2023-12-21 14:52:06.008,17.8,30.0,1701,1017.2
2023-12-21 14:52:03.965,17.8,30.2,1701,1017.1
2023-12-21 14:52:01.922,17.8,30.2,1698,1017.2
2023-12-21 14:51:59.879,17.8,30.2,1699,1017.2
2023-12-21 14:51:57.837,17.8,30.3,1701,1017.2
2023-12-21 14:51:55.793,17.7,30.4,1705,1017.2
2023-12-21 14:51:53.750,17.7,30.6,1705,1017.2
2023-12-21 14:51:51.707,17.8,30.6,1703,1017.2
2023-12-21 14:51:49.665,17.8,30.5,1699,1017.2
2023-12-21 14:51:47.622,17.8,30.7,1698,1017.2
2023-12-21 14:51:45.579,17.8,30.6,1698,1017.2
2023-12-21 14:51:43.536,17.7,30.7,1700,1017.2
2023-12-21 14:51:41.493,17.8,30.6,1706,1017.2
2023-12-21 14:51:39.450,17.8,30.5,1704,1017.2
2023-12-21 14:51:37.407,17.8,30.6,1702,1017.2
2023-12-21 14:51:35.364,17.8,30.4,1700,1017.2
2023-12-21 14:51:33.321,17.7,30.3,1700,1017.2
2023-12-21 14:51:31.278,17.8,30.3,1700,1017.1
2023-12-21 14:51:29.235,17.8,30.1,1705,1017.2
2023-12-21 14:51:27.192,17.8,30.1,1705,1017.1
2023-12-21 14:51:25.149,17.8,30.0,1703,1017.2
2023-12-21 14:51:23.106,17.8,29.9,1702,1017.2
2023-12-21 14:51:21.064,17.8,29.8,1700,1017.2
2023-12-21 14:51:19.021,17.7,29.7,1700,1017.2
2023-12-21 14:51:16.978,17.8,29.7,1703,1017.2
2023-12-21 14:51:14.935,17.8,29.7,1706,1017.2
2023-12-21 14:51:12.892,17.7,29.8,1706,1017.1
2023-12-21 14:51:10.849,17.7,29.8,1703,1017.2
2023-12-21 14:51:08.806,17.7,29.8,1700,1017.2
2023-12-21 14:51:06.763,17.8,29.8,1699,1017.2
2023-12-21 14:51:04.720,17.8,29.9,1700,1017.2
2023-12-21 14:51:02.677,17.7,30.0,1704,1017.1
2023-12-21 14:51:00.634,17.7,30.1,1705,1017.2
2023-12-21 14:50:58.591,17.7,30.1,1704,1017.1
2023-12-21 14:50:56.548,17.8,30.0,1698,1017.2
2023-12-21 14:50:54.505,17.8,30.0,1697,1017.2
2023-12-21 14:50:52.462,17.8,30.0,1694,1017.2
2023-12-21 14:50:50.419,17.8,30.0,1697,1017.2
2023-12-21 14:50:48.376,17.7,30.0,1699,1017.2
2023-12-21 14:50:46.333,17.8,30.0,1699,1017.2
2023-12-21 14:50:44.290,17.8,30.1,1701,1017.2
2023-12-21 14:50:42.247,17.8,30.1,1698,1017.2
2023-12-21 14:50:40.204,17.8,30.2,1702,1017.2
2023-12-21 14:50:38.161,17.7,30.1,1703,1017.2
2023-12-21 14:50:36.118,17.7,30.3,1703,1017.2
2023-12-21 14:50:34.076,17.8,30.2,1702,1017.2
2023-12-21 14:50:32.032,17.7,30.3,1699,1017.2
2023-12-21 14:50:29.988,17.7,30.2,1698,1017.2
2023-12-21 14:50:27.945,17.7,30.2,1698,1017.2
2023-12-21 14:50:25.901,17.7,30.2,1700,1017.2
2023-12-21 14:50:23.859,17.7,30.1,1704,1017.2
2023-12-21 14:50:21.816,17.8,30.1,1704,1017.2
2023-12-21 14:50:19.773,17.8,30.1,1702,1017.2
2023-12-21 14:50:17.730,17.8,30.1,1701,1017.2
2023-12-21 14:50:15.687,17.7,30.1,1698,1017.2
2023-12-21 14:50:13.644,17.7,30.1,1697,1017.2
2023-12-21 14:50:11.601,17.7,30.3,1700,1017.3
2023-12-21 14:50:09.558,17.8,30.3,1703,1017.2
2023-12-21 14:50:07.515,17.7,30.4,1697,1017.2
2023-12-21 14:50:05.472,17.7,30.5,1699,1017.2
2023-12-21 14:50:03.429,17.7,30.6,1698,1017.2
2023-12-21 14:50:01.386,17.7,30.7,1697,1017.2
2023-12-21 14:49:59.343,17.7,30.9,1699,1017.2
2023-12-21 14:49:57.300,17.7,30.9,1702,1017.2
2023-12-21 14:49:55.257,17.7,31.0,1703,1017.2
2023-12-21 14:49:53.214,17.7,31.1,1699,1017.2
2023-12-21 14:49:51.171,17.7,31.1,1696,1017.2
2023-12-21 14:49:49.128,17.7,31.3,1695,1017.2
2023-12-21 14:49:47.085,17.7,31.3,1695,1017.1
2023-12-21 14:49:45.043,17.7,31.4,1700,1017.2
2023-12-21 14:49:42.999,17.7,31.4,1705,1017.2
2023-12-21 14:49:40.957,17.7,31.5,1701,1017.2
2023-12-21 14:49:38.913,17.7,31.6,1698,1017.2
2023-12-21 14:49:36.870,17.7,31.6,1694,1017.2
2023-12-21 14:49:34.828,17.7,31.6,1700,1017.1
2023-12-21 14:49:32.785,17.7,31.6,1706,1017.2
2023-12-21 14:49:30.742,17.7,31.7,1704,1017.2
2023-12-21 14:49:28.698,17.7,31.5,1698,1017.1
2023-12-21 14:49:26.655,17.7,31.4,1701,1017.1
2023-12-21 14:49:24.612,17.7,31.4,1706,1017.2
2023-12-21 14:49:22.569,17.7,31.3,1704,1017.3
2023-12-21 14:49:20.526,17.7,31.2,1701,1017.2
2023-12-21 14:49:18.483,17.7,31.2,1701,1017.2
2023-12-21 14:49:16.440,17.7,31.2,1706,1017.2
2023-12-21 14:49:14.397,17.7,30.9,1703,1017.2
2023-12-21 14:49:12.354,17.7,31.1,1699,1017.2
2023-12-21 14:49:10.310,17.7,30.9,1703,1017.2
2023-12-21 14:49:08.267,17.7,30.8,1704,1017.2
2023-12-21 14:49:06.224,17.7,30.8,1701,1017.2
2023-12-21 14:49:04.181,17.7,30.8,1699,1017.2
2023-12-21 14:49:02.139,17.7,30.9,1703,1017.2
2023-12-21 14:49:00.095,17.7,31.0,1702,1017.2
2023-12-21 14:48:58.052,17.7,30.9,1700,1017.2
2023-12-21 14:48:56.008,17.7,30.9,1698,1017.3
2023-12-21 14:48:53.966,17.7,30.9,1702,1017.2
2023-12-21 14:48:51.922,17.7,30.7,1703,1017.2
2023-12-21 14:48:49.880,17.7,30.5,1702,1017.2
2023-12-21 14:48:47.836,17.7,30.5,1700,1017.2
2023-12-21 14:48:45.794,17.7,30.5,1701,1017.3
2023-12-21 14:48:43.751,17.7,30.6,1704,1017.2
2023-12-21 14:48:41.707,17.7,30.5,1703,1017.2
2023-12-21 14:48:39.664,17.7,30.6,1705,1017.3
2023-12-21 14:48:37.621,17.7,30.6,1706,1017.3
2023-12-21 14:48:35.578,17.7,30.6,1705,1017.2
2023-12-21 14:48:33.535,17.7,30.6,1703,1017.2
2023-12-21 14:48:31.492,17.7,30.7,1702,1017.2
2023-12-21 14:48:29.448,17.7,30.8,1698,1017.2
2023-12-21 14:48:27.405,17.7,30.6,1705,1017.2
2023-12-21 14:48:25.362,17.7,30.7,1702,1017.2
2023-12-21 14:48:23.319,17.7,30.6,1700,1017.2
2023-12-21 14:48:21.276,17.7,30.5,1698,1017.3
2023-12-21 14:48:19.233,17.7,30.5,1700,1017.2
2023-12-21 14:48:17.190,17.7,30.5,1732,1017.2
2023-12-21 14:48:15.147,17.7,30.6,1729,1017.2
2023-12-21 14:48:13.104,17.7,30.7,1727,1017.3
2023-12-21 14:48:11.061,17.7,30.7,1725,1017.3
2023-12-21 14:48:09.018,17.7,30.6,1729,1017.2
2023-12-21 14:48:06.975,17.6,30.8,1730,1017.3
2023-12-21 14:48:04.932,17.7,30.9,1724,1017.2
2023-12-21 14:48:02.889,17.7,31.1,1726,1017.3
2023-12-21 14:48:00.846,17.7,31.1,1725,1017.3
2023-12-21 14:47:58.804,17.7,31.2,1727,1017.3
2023-12-21 14:47:56.760,17.7,31.1,1730,1017.3
2023-12-21 14:47:54.717,17.6,31.2,1731,1017.3
2023-12-21 14:47:52.674,17.7,31.2,1729,1017.3
2023-12-21 14:47:50.632,17.6,31.3,1727,1017.2
2023-12-21 14:47:48.588,17.7,31.3,1724,1017.3
2023-12-21 14:47:46.546,17.6,31.4,1724,1017.3
2023-12-21 14:47:44.502,17.7,31.4,1723,1017.2
2023-12-21 14:47:42.459,17.6,31.5,1729,1017.2
2023-12-21 14:47:40.417,17.6,31.5,1730,1017.3
2023-12-21 14:47:38.374,17.7,31.5,1728,1017.3
2023-12-21 14:47:36.331,17.6,31.4,1727,1017.3
2023-12-21 14:47:34.288,17.6,31.5,1726,1017.3
2023-12-21 14:47:32.244,17.7,31.6,1727,1017.2
2023-12-21 14:47:30.201,17.6,31.5,1727,1017.3
2023-12-21 14:47:28.158,17.6,31.6,1728,1017.2
2023-12-21 14:47:26.115,17.6,31.7,1727,1017.2
2023-12-21 14:47:24.071,17.7,31.6,1724,1017.3
2023-12-21 14:47:22.028,17.6,31.3,1729,1017.3
2023-12-21 14:47:19.985,17.7,31.3,1733,1017.3
2023-12-21 14:47:17.942,17.6,31.2,1732,1017.2
2023-12-21 14:47:15.899,17.6,31.2,1730,1017.2
2023-12-21 14:47:13.856,17.6,31.3,1728,1017.3
2023-12-21 14:47:11.812,17.7,31.5,1726,1017.3
2023-12-21 14:47:09.769,17.7,31.5,1730,1017.3
2023-12-21 14:47:07.726,17.6,31.7,1734,1017.2
2023-12-21 14:47:05.682,17.7,31.7,1732,1017.3
2023-12-21 14:47:03.639,17.7,31.8,1730,1017.2
2023-12-21 14:47:01.596,17.7,31.8,1728,1017.3
2023-12-21 14:46:59.553,17.7,31.8,1726,1017.2
2023-12-21 14:46:57.510,17.7,31.6,1729,1017.3
2023-12-21 14:46:55.467,17.7,31.4,1733,1017.3
2023-12-21 14:46:53.425,17.6,31.1,1733,1017.2
2023-12-21 14:46:51.381,17.7,31.1,1728,1017.3
2023-12-21 14:46:49.337,17.7,30.9,1728,1017.2
2023-12-21 14:46:47.295,17.7,30.8,1727,1017.2
2023-12-21 14:46:45.252,17.7,30.5,1726,1017.2
2023-12-21 14:46:43.209,17.7,30.6,1724,1017.2
2023-12-21 14:46:41.165,17.7,30.5,1726,1017.2
2023-12-21 14:46:39.123,17.7,30.5,1729,1017.3
2023-12-21 14:46:37.080,17.7,30.5,1732,1017.3
2023-12-21 14:46:35.036,17.7,30.3,1730,1017.2
2023-12-21 14:46:32.993,17.7,30.4,1729,1017.2
2023-12-21 14:46:30.950,17.7,30.4,1730,1017.2
2023-12-21 14:46:28.907,17.7,30.3,1727,1017.3
2023-12-21 14:46:26.864,17.7,30.4,1728,1017.3
2023-12-21 14:46:24.821,17.7,30.3,1726,1017.3
2023-12-21 14:46:22.778,17.7,30.1,1726,1017.3
2023-12-21 14:46:20.735,17.7,30.0,1728,1017.3
2023-12-21 14:46:18.692,17.7,30.0,1729,1017.3
2023-12-21 14:46:16.649,17.7,30.1,1730,1017.2
2023-12-21 14:46:14.606,17.7,30.0,1728,1017.3
2023-12-21 14:46:12.563,17.7,30.1,1730,1017.3
2023-12-21 14:46:10.520,17.7,30.2,1730,1017.3
2023-12-21 14:46:08.478,17.7,30.1,1728,1017.3
2023-12-21 14:46:06.434,17.6,30.1,1727,1017.2
2023-12-21 14:46:04.391,17.7,30.1,1724,1017.3
2023-12-21 14:46:02.349,17.7,30.1,1721,1017.3
2023-12-21 14:46:00.305,17.7,30.1,1721,1017.3
2023-12-21 14:45:58.263,17.7,30.2,1723,1017.3
2023-12-21 14:45:56.220,17.7,30.2,1728,1017.2
2023-12-21 14:45:54.177,17.7,30.2,1729,1017.2
2023-12-21 14:45:52.134,17.7,30.3,1730,1017.3
2023-12-21 14:45:50.091,17.7,30.4,1726,1017.3
2023-12-21 14:45:48.048,17.7,30.3,1725,1017.3
2023-12-21 14:45:46.005,17.7,30.5,1724,1017.2
2023-12-21 14:45:43.962,17.7,30.6,1723,1017.3
2023-12-21 14:45:41.919,17.7,30.6,1729,1017.2
2023-12-21 14:45:39.876,17.7,30.6,1732,1017.3
2023-12-21 14:45:37.833,17.7,30.7,1730,1017.2
2023-12-21 14:45:35.790,17.7,30.7,1728,1017.3
2023-12-21 14:45:33.746,17.7,30.7,1731,1017.3
2023-12-21 14:45:31.702,17.7,30.7,1730,1017.3
2023-12-21 14:45:29.658,17.7,30.6,1723,1017.3
2023-12-21 14:45:27.615,17.7,30.8,1726,1017.3
2023-12-21 14:45:25.572,17.7,30.5,1733,1017.2
2023-12-21 14:45:23.529,17.7,30.5,1731,1017.3
2023-12-21 14:45:21.485,17.7,30.5,1727,1017.3
2023-12-21 14:45:19.442,17.7,30.5,1723,1017.3
2023-12-21 14:45:17.399,17.7,30.5,1729,1017.3
2023-12-21 14:45:15.356,17.7,30.3,1729,1017.3
2023-12-21 14:45:13.313,17.7,30.0,1727,1017.3
2023-12-21 14:45:11.270,17.7,30.0,1725,1017.2
2023-12-21 14:45:09.226,17.7,30.0,1724,1017.2
2023-12-21 14:45:07.184,17.7,29.9,1726,1017.2
2023-12-21 14:45:05.141,17.7,30.1,1729,1017.2
2023-12-21 14:45:03.097,17.7,30.0,1730,1017.3
2023-12-21 14:45:01.055,17.7,30.0,1730,1017.2
2023-12-21 14:44:59.012,17.7,29.9,1729,1017.2
2023-12-21 14:44:56.969,17.7,29.9,1727,1017.3
2023-12-21 14:44:54.926,17.7,30.1,1727,1017.3
2023-12-21 14:44:52.883,17.7,30.1,1726,1017.2
2023-12-21 14:44:50.840,17.7,30.1,1725,1017.3
2023-12-21 14:44:48.797,17.7,30.1,1724,1017.2
2023-12-21 14:44:46.754,17.7,30.2,1720,1017.2
2023-12-21 14:44:44.711,17.7,30.2,1723,1017.3
2023-12-21 14:44:42.668,17.7,30.3,1725,1017.3
2023-12-21 14:44:40.625,17.7,30.3,1725,1017.3
2023-12-21 14:44:38.582,17.7,30.2,1722,1017.3
2023-12-21 14:44:36.538,17.7,30.3,1721,1017.3
2023-12-21 14:44:34.495,17.7,30.2,1719,1017.3
2023-12-21 14:44:32.452,17.7,30.3,1722,1017.3
2023-12-21 14:44:30.409,17.7,30.3,1745,1017.3
2023-12-21 14:44:28.366,17.7,30.4,1727,1017.3
2023-12-21 14:44:26.323,17.7,30.4,1727,1017.3
2023-12-21 14:44:24.280,17.7,30.4,1724,1017.3
2023-12-21 14:44:22.238,17.7,30.3,1729,1017.3
2023-12-21 14:44:20.194,17.7,30.3,1730,1017.3
2023-12-21 14:44:18.152,17.7,30.2,1727,1017.3
2023-12-21 14:44:16.108,17.7,30.2,1724,1017.3
2023-12-21 14:44:14.065,17.7,30.2,1727,1017.3
2023-12-21 14:44:12.022,17.7,30.2,1729,1017.2
2023-12-21 14:44:09.979,17.7,30.1,1724,1017.3
2023-12-21 14:44:07.935,17.7,30.2,1722,1017.3
2023-12-21 14:44:05.892,17.7,30.1,1723,1017.3
2023-12-21 14:44:03.848,17.7,30.2,1715,1017.3
2023-12-21 14:44:01.805,17.7,30.3,1710,1017.3
2023-12-21 14:43:59.762,17.8,30.3,1714,1017.3
2023-12-21 14:43:57.719,17.7,30.3,1759,1017.3
2023-12-21 14:43:55.676,17.7,30.3,1759,1017.3
2023-12-21 14:43:53.633,17.7,30.3,1755,1017.3
2023-12-21 14:43:51.590,17.7,30.3,1754,1017.3
2023-12-21 14:43:49.547,17.7,30.3,1758,1017.3
2023-12-21 14:43:47.504,17.7,30.2,1761,1017.3
2023-12-21 14:43:45.461,17.7,30.2,1761,1017.3
2023-12-21 14:43:43.418,17.7,30.3,1759,1017.3
2023-12-21 14:43:41.375,17.7,30.0,1758,1017.3
2023-12-21 14:43:39.332,17.7,30.0,1755,1017.3
2023-12-21 14:43:37.289,17.6,29.7,1752,1017.3
2023-12-21 14:43:35.246,17.6,29.8,1755,1017.3
2023-12-21 14:43:33.203,17.7,29.7,1758,1017.3
2023-12-21 14:43:31.160,17.7,29.6,1760,1017.3
2023-12-21 14:43:29.116,17.7,29.7,1750,1017.3
2023-12-21 14:43:27.073,17.7,29.7,1747,1017.3
2023-12-21 14:43:25.030,17.7,29.7,1739,1017.3
2023-12-21 14:43:22.987,17.7,29.9,1734,1017.3
2023-12-21 14:43:20.944,17.7,29.9,687,1017.3
2023-12-21 14:43:18.900,17.7,29.8,201,1017.3
2023-12-21 14:43:16.856,17.7,29.9,692,1017.3
2023-12-21 14:43:14.813,17.7,30.0,261,1017.3
2023-12-21 14:43:12.770,17.7,30.0,217,1017.3
2023-12-21 14:43:10.727,17.7,30.0,220,1017.3
2023-12-21 14:43:08.683,17.7,29.9,220,1017.3
2023-12-21 14:43:06.640,17.7,29.9,1048,1017.3
2023-12-21 14:43:04.597,17.7,30.0,1740,1017.3
2023-12-21 14:43:02.553,17.7,30.0,1743,1017.3
2023-12-21 14:43:00.510,17.7,30.1,1744,1017.3
2023-12-21 14:42:58.467,17.7,30.2,1745,1017.3
2023-12-21 14:42:56.424,17.7,30.1,1748,1017.3
2023-12-21 14:42:54.381,17.7,30.1,1746,1017.3
2023-12-21 14:42:52.338,17.7,30.0,1746,1017.3
2023-12-21 14:42:50.294,17.7,30.2,1756,1017.3
2023-12-21 14:42:48.252,17.7,30.1,1760,1017.3
2023-12-21 14:42:46.209,17.7,30.2,1759,1017.3
2023-12-21 14:42:44.165,17.7,30.3,1759,1017.3
2023-12-21 14:42:42.123,17.7,30.3,1758,1017.4
2023-12-21 14:42:40.079,17.7,30.4,1762,1017.3
2023-12-21 14:42:38.037,17.7,30.5,1766,1017.4
2023-12-21 14:42:35.993,17.7,30.5,1764,1017.4
2023-12-21 14:42:33.950,17.7,30.6,1762,1017.3
2023-12-21 14:42:31.908,17.7,30.8,1759,1017.3
2023-12-21 14:42:29.865,17.7,30.8,1758,1017.3
2023-12-21 14:42:27.822,17.7,30.8,1760,1017.3
2023-12-21 14:42:25.779,17.7,31.0,1765,1017.3
2023-12-21 14:42:23.736,17.7,31.1,1764,1017.3
2023-12-21 14:42:21.693,17.7,31.0,1763,1017.3
2023-12-21 14:42:19.650,17.7,31.2,1761,1017.3
2023-12-21 14:42:17.607,17.7,31.2,1760,1017.3
2023-12-21 14:42:15.564,17.7,31.2,1757,1017.3
2023-12-21 14:42:13.521,17.7,31.3,1762,1017.3
2023-12-21 14:42:11.478,17.7,31.3,1763,1017.3
2023-12-21 14:42:09.435,17.7,31.2,1762,1017.3
2023-12-21 14:42:07.393,17.7,31.1,1758,1017.3
2023-12-21 14:42:05.349,17.7,31.0,1754,1017.3
2023-12-21 14:42:03.305,17.7,30.8,1756,1017.3
2023-12-21 14:42:01.262,17.7,30.6,1763,1017.3
2023-12-21 14:41:59.220,17.7,30.2,1764,1017.3
2023-12-21 14:41:57.176,17.7,30.3,1757,1017.3
2023-12-21 14:41:55.133,17.7,30.4,1762,1017.3
2023-12-21 14:41:53.090,17.7,30.3,1760,1017.3
2023-12-21 14:41:51.048,17.7,30.4,1758,1017.3
2023-12-21 14:41:49.005,17.7,30.4,1759,1017.3
2023-12-21 14:41:46.961,17.7,30.4,1759,1017.3
2023-12-21 14:41:44.918,17.7,30.3,1758,1017.2
2023-12-21 14:41:42.876,17.7,30.4,1760,1017.3
2023-12-21 14:41:40.833,17.7,30.5,1764,1017.2
2023-12-21 14:41:38.790,17.7,30.5,1764,1017.2
2023-12-21 14:41:36.747,17.7,30.5,1764,1017.3
2023-12-21 14:41:34.704,17.7,30.5,1762,1017.3
2023-12-21 14:41:32.661,17.7,30.5,1761,1017.3
2023-12-21 14:41:30.618,17.7,30.5,1759,1017.3
2023-12-21 14:41:28.575,17.7,30.5,1752,1017.3
2023-12-21 14:41:26.531,17.7,30.4,1758,1017.3
2023-12-21 14:41:24.488,17.7,30.2,1759,1017.3
2023-12-21 14:41:22.445,17.7,30.1,1763,1017.3
2023-12-21 14:41:20.402,17.7,30.1,1765,1017.2
2023-12-21 14:41:18.360,17.7,30.1,1763,1017.3
2023-12-21 14:41:16.316,17.7,30.1,1761,1017.2
2023-12-21 14:41:14.274,17.7,30.2,1760,1017.3
2023-12-21 14:41:12.230,17.7,30.2,1760,1017.3
2023-12-21 14:41:10.187,17.7,30.0,1766,1017.3
2023-12-21 14:41:08.143,17.6,29.9,1764,1017.2
2023-12-21 14:41:06.100,17.7,29.7,1762,1017.3
2023-12-21 14:41:04.057,17.7,29.9,1760,1017.3
2023-12-21 14:41:02.014,17.7,29.8,1759,1017.2
2023-12-21 14:40:59.971,17.7,29.9,1762,1017.3
2023-12-21 14:40:57.928,17.7,29.9,1766,1017.3
2023-12-21 14:40:55.885,17.7,29.9,1763,1017.3
2023-12-21 14:40:53.842,17.7,29.8,1761,1017.2
2023-12-21 14:40:51.799,17.7,29.8,1759,1017.3
2023-12-21 14:40:49.757,17.7,29.9,1763,1017.3
2023-12-21 14:40:47.713,17.7,29.9,1766,1017.2
2023-12-21 14:40:45.671,17.7,29.8,1763,1017.2
2023-12-21 14:40:43.628,17.7,29.9,1760,1017.2
2023-12-21 14:40:41.585,17.7,29.9,1760,1017.3
2023-12-21 14:40:39.542,17.7,29.9,1766,1017.2
2023-12-21 14:40:37.499,17.7,29.9,1765,1017.2
2023-12-21 14:40:35.456,17.7,30.0,1762,1017.3
2023-12-21 14:40:33.412,17.7,29.9,1760,1017.3
2023-12-21 14:40:31.368,17.7,29.9,1767,1017.2
2023-12-21 14:40:29.325,17.7,29.9,1763,1017.3
2023-12-21 14:40:27.282,17.7,29.9,1762,1017.2
2023-12-21 14:40:25.239,17.7,29.9,1761,1017.2
2023-12-21 14:40:23.195,17.7,30.0,1767,1017.2
2023-12-21 14:40:21.152,17.7,29.9,1765,1017.3
2023-12-21 14:40:19.109,17.7,30.0,1762,1017.3
2023-12-21 14:40:17.066,17.7,30.0,1760,1017.3
2023-12-21 14:40:15.023,17.7,29.9,1765,1017.3
2023-12-21 14:40:12.980,17.7,29.9,1767,1017.2
2023-12-21 14:40:10.938,17.7,29.8,1764,1017.3
2023-12-21 14:40:08.895,17.7,29.8,1761,1017.3
2023-12-21 14:40:06.852,17.7,29.7,1763,1017.2
2023-12-21 14:40:04.809,17.7,29.7,1768,1017.3
2023-12-21 14:40:02.766,17.7,29.8,1765,1017.3
2023-12-21 14:40:00.723,17.7,29.8,1761,1017.3
2023-12-21 14:39:58.680,17.7,29.8,1762,1017.2
2023-12-21 14:39:56.637,17.7,29.9,1768,1017.3
2023-12-21 14:39:54.594,17.7,29.8,1766,1017.3
2023-12-21 14:39:52.551,17.7,29.8,1763,1017.3
2023-12-21 14:39:50.508,17.7,29.8,1762,1017.3
2023-12-21 14:39:48.465,17.7,29.9,1768,1017.3
2023-12-21 14:39:46.422,17.7,29.9,1768,1017.3
2023-12-21 14:39:44.379,17.7,30.0,1766,1017.3
2023-12-21 14:39:42.337,17.7,29.9,1763,1017.3
2023-12-21 14:39:40.293,17.7,29.9,1766,1017.3
2023-12-21 14:39:38.250,17.7,29.9,1770,1017.3
2023-12-21 14:39:36.208,17.7,29.9,1766,1017.3
2023-12-21 14:39:34.164,17.7,30.0,1762,1017.3
2023-12-21 14:39:32.122,17.7,30.0,1765,1017.3
2023-12-21 14:39:30.079,17.7,29.9,1768,1017.3
2023-12-21 14:39:28.035,17.7,30.0,1764,1017.3
2023-12-21 14:39:25.993,17.7,30.0,1761,1017.3
2023-12-21 14:39:23.950,17.7,30.0,1763,1017.3
2023-12-21 14:39:21.907,17.7,30.1,1769,1017.3
2023-12-21 14:39:19.864,17.7,30.1,1764,1017.3
2023-12-21 14:39:17.821,17.8,30.2,1761,1017.3
2023-12-21 14:39:15.778,17.7,30.2,1765,1017.3
2023-12-21 14:39:13.735,17.7,30.3,1769,1017.3
2023-12-21 14:39:11.692,17.8,30.3,1765,1017.3
2023-12-21 14:39:09.648,17.7,30.3,1761,1017.3
2023-12-21 14:39:07.605,17.7,30.5,1769,1017.4
2023-12-21 14:39:05.561,17.7,30.5,1768,1017.3
2023-12-21 14:39:03.518,17.7,30.5,1764,1017.3
2023-12-21 14:39:01.474,17.7,30.5,1765,1017.4
2023-12-21 14:38:59.432,17.7,30.5,1768,1017.3
2023-12-21 14:38:57.389,17.7,30.7,1766,1017.4
2023-12-21 14:38:55.346,17.7,30.7,1762,1017.3
2023-12-21 14:38:53.302,17.7,30.7,1769,1017.3
2023-12-21 14:38:51.260,17.7,30.9,1768,1017.4
2023-12-21 14:38:49.217,17.7,30.9,1764,1017.3
2023-12-21 14:38:47.174,17.8,31.1,1764,1017.3
2023-12-21 14:38:45.131,17.8,31.2,1768,1017.3
2023-12-21 14:38:43.088,17.7,31.3,1763,1017.3
2023-12-21 14:38:41.045,17.8,31.3,1762,1017.3
2023-12-21 14:38:39.002,17.7,31.3,1768,1017.3
2023-12-21 14:38:36.958,17.7,31.4,1764,1017.4
2023-12-21 14:38:34.915,17.7,31.5,1761,1017.4
2023-12-21 14:38:32.872,17.7,31.5,1768,1017.3
2023-12-21 14:38:30.829,17.7,31.6,1767,1017.4
2023-12-21 14:38:28.786,17.7,31.7,1762,1017.3
2023-12-21 14:38:26.743,17.7,31.7,1762,1017.3
2023-12-21 14:38:24.700,17.7,31.8,1768,1017.3
2023-12-21 14:38:22.657,17.7,32.0,1765,1017.3
2023-12-21 14:38:20.614,17.7,31.9,1761,1017.3
2023-12-21 14:38:18.571,17.7,31.9,1766,1017.3
2023-12-21 14:38:16.528,17.8,32.0,1767,1017.3
2023-12-21 14:38:14.485,17.7,32.0,1764,1017.3
2023-12-21 14:38:12.443,17.7,32.0,1762,1017.3
2023-12-21 14:38:10.399,17.7,31.9,1768,1017.3
2023-12-21 14:38:08.356,17.7,31.7,1768,1017.3
2023-12-21 14:38:06.313,17.7,31.5,1764,1017.4
2023-12-21 14:38:04.271,17.7,31.5,1762,1017.4
2023-12-21 14:38:02.228,17.8,31.3,1769,1017.3
2023-12-21 14:38:00.185,17.8,31.3,1768,1017.3
2023-12-21 14:37:58.142,17.8,31.3,1764,1017.3
2023-12-21 14:37:56.099,17.8,31.2,1762,1017.4
2023-12-21 14:37:54.056,17.8,31.0,1768,1017.4
2023-12-21 14:37:52.013,17.7,31.0,1769,1017.3
2023-12-21 14:37:49.970,17.7,30.9,1766,1017.3
2023-12-21 14:37:47.927,17.8,30.9,1767,1017.4
2023-12-21 14:37:45.883,17.8,30.9,1776,1017.4
2023-12-21 14:37:43.840,17.8,31.1,1776,1017.3
2023-12-21 14:37:41.797,17.7,31.0,1772,1017.4
2023-12-21 14:37:39.754,17.8,31.1,1769,1017.3
2023-12-21 14:37:37.711,17.7,31.2,1773,1017.4
2023-12-21 14:37:35.668,17.7,31.1,1775,1017.4
2023-12-21 14:37:33.625,17.7,31.2,1772,1017.4
2023-12-21 14:37:31.582,17.7,31.1,1770,1017.4
2023-12-21 14:37:29.539,17.8,30.9,1774,1017.3
2023-12-21 14:37:27.496,17.8,30.7,1776,1017.4
2023-12-21 14:37:25.453,17.7,30.7,1773,1017.4
2023-12-21 14:37:23.410,17.8,30.6,1771,1017.4
2023-12-21 14:37:21.367,17.7,30.6,1772,1017.4
2023-12-21 14:37:19.324,17.7,30.7,1777,1017.4
2023-12-21 14:37:17.282,17.7,30.7,1775,1017.4
2023-12-21 14:37:15.238,17.7,30.8,1772,1017.3
2023-12-21 14:37:13.194,17.7,30.8,1774,1017.4
2023-12-21 14:37:11.151,17.7,30.8,1776,1017.3
2023-12-21 14:37:09.107,17.7,30.8,1775,1017.4
2023-12-21 14:37:07.064,17.7,31.0,1773,1017.4
2023-12-21 14:37:05.022,17.7,31.0,1772,1017.4
2023-12-21 14:37:02.978,17.7,30.9,1771,1017.4
2023-12-21 14:37:00.936,17.7,30.8,1774,1017.4
2023-12-21 14:36:58.893,17.7,30.7,1776,1017.4
2023-12-21 14:36:56.850,17.7,30.5,1774,1017.4
2023-12-21 14:36:54.807,17.7,30.1,1771,1017.4
2023-12-21 14:36:52.763,17.7,29.8,1770,1017.4
2023-12-21 14:36:50.721,17.7,29.9,1769,1017.3
2023-12-21 14:36:48.678,17.7,30.0,1773,1017.3
2023-12-21 14:36:46.635,17.7,30.0,1770,1017.3
2023-12-21 14:36:44.592,17.8,30.0,1767,1017.3
2023-12-21 14:36:42.549,17.8,29.7,1763,1017.3
2023-12-21 14:36:40.506,17.7,29.6,1771,1017.4
2023-12-21 14:36:38.463,17.8,29.6,1773,1017.3
2023-12-21 14:36:36.420,17.8,29.6,1770,1017.3
2023-12-21 14:36:34.376,17.7,29.8,1766,1017.4
2023-12-21 14:36:32.333,17.7,29.8,1771,1017.3
2023-12-21 14:36:30.290,17.8,29.9,1775,1017.3
2023-12-21 14:36:28.247,17.7,30.0,1774,1017.4
2023-12-21 14:36:26.204,17.8,30.1,1772,1017.4
2023-12-21 14:36:24.161,17.7,30.1,1768,1017.4
2023-12-21 14:36:22.119,17.7,30.2,1768,1017.4
2023-12-21 14:36:20.076,17.7,30.1,1768,1017.3
2023-12-21 14:36:18.033,17.8,30.3,1772,1017.3
2023-12-21 14:36:15.990,17.8,30.2,1775,1017.3
2023-12-21 14:36:13.947,17.8,30.3,1773,1017.4
2023-12-21 14:36:11.903,17.8,30.4,1770,1017.4
2023-12-21 14:36:09.860,17.8,30.3,1767,1017.3
2023-12-21 14:36:07.816,17.8,30.4,1770,1017.4
2023-12-21 14:36:05.773,17.8,30.5,1773,1017.3
2023-12-21 14:36:03.730,17.8,30.5,1773,1017.4
2023-12-21 14:36:01.688,17.8,30.5,1770,1017.4
2023-12-21 14:35:59.645,17.8,30.4,1769,1017.4
2023-12-21 14:35:57.602,17.8,30.5,1770,1017.4
2023-12-21 14:35:55.559,17.8,30.5,1776,1017.4
2023-12-21 14:35:53.516,17.8,30.4,1775,1017.4
2023-12-21 14:35:51.473,17.8,30.5,1773,1017.4
2023-12-21 14:35:49.430,17.8,30.5,1770,1017.4
2023-12-21 14:35:47.387,17.8,30.6,1767,1017.4
2023-12-21 14:35:45.343,17.8,30.6,1774,1017.3
2023-12-21 14:35:43.301,17.8,30.7,1775,1017.4
2023-12-21 14:35:41.258,17.8,30.8,1773,1017.3
2023-12-21 14:35:39.215,17.8,30.7,1770,1017.4
2023-12-21 14:35:37.172,17.8,30.9,1769,1017.4
2023-12-21 14:35:35.129,17.8,30.9,1774,1017.4
2023-12-21 14:35:33.085,17.8,30.9,1773,1017.3
2023-12-21 14:35:31.042,17.8,31.0,1769,1017.4
2023-12-21 14:35:28.999,17.8,31.0,1769,1017.3
2023-12-21 14:35:26.955,17.8,31.0,1775,1017.4
2023-12-21 14:35:24.912,17.8,31.0,1772,1017.4
2023-12-21 14:35:22.869,17.8,30.9,1768,1017.3
2023-12-21 14:35:20.826,17.8,30.8,1770,1017.4
2023-12-21 14:35:18.782,17.8,30.5,1775,1017.4
2023-12-21 14:35:16.739,17.8,30.5,1771,1017.4
2023-12-21 14:35:14.696,17.8,30.5,1770,1017.4
2023-12-21 14:35:12.653,17.8,30.5,1777,1017.4
2023-12-21 14:35:10.610,17.9,30.4,1776,1017.4
2023-12-21 14:35:08.566,17.8,30.4,1773,1017.4
2023-12-21 14:35:06.523,17.8,30.4,1770,1017.3
2023-12-21 14:35:04.481,17.8,30.5,1775,1017.4
2023-12-21 14:35:02.437,17.8,30.5,1776,1017.4
2023-12-21 14:35:00.394,17.8,30.6,1774,1017.4
2023-12-21 14:34:58.351,17.8,30.6,1770,1017.3
2023-12-21 14:34:56.308,17.8,30.6,1771,1017.4
2023-12-21 14:34:54.265,17.8,30.7,1776,1017.4
2023-12-21 14:34:52.222,17.8,30.8,1774,1017.3
2023-12-21 14:34:50.180,17.8,30.7,1771,1017.3
2023-12-21 14:34:48.137,17.8,30.8,1770,1017.3
2023-12-21 14:34:46.094,17.8,30.8,1773,1017.3
2023-12-21 14:34:44.051,17.8,30.8,1777,1017.3
2023-12-21 14:34:42.008,17.8,30.7,1774,1017.3
2023-12-21 14:34:39.965,17.8,30.8,1773,1017.3
2023-12-21 14:34:37.922,17.8,30.8,1769,1017.3
2023-12-21 14:34:35.879,17.8,30.7,1769,1017.3
2023-12-21 14:34:33.836,17.8,30.8,1771,1017.3
2023-12-21 14:34:31.793,17.8,30.8,1773,1017.3
2023-12-21 14:34:29.750,17.8,30.7,1776,1017.3
2023-12-21 14:34:27.707,17.8,30.6,1777,1017.3
2023-12-21 14:34:25.664,17.8,30.6,1777,1017.3
2023-12-21 14:34:23.621,17.8,30.4,1775,1017.3
2023-12-21 14:34:21.579,17.8,30.5,1774,1017.3
2023-12-21 14:34:19.535,17.8,30.6,1771,1017.3
2023-12-21 14:34:17.491,17.8,30.7,1770,1017.3
2023-12-21 14:34:15.449,17.9,30.7,1771,1017.4
2023-12-21 14:34:13.406,17.8,30.7,1774,1017.3
2023-12-21 14:34:11.363,17.8,30.7,1777,1017.3
2023-12-21 14:34:09.320,17.8,30.8,1778,1017.3
2023-12-21 14:34:07.276,17.8,30.9,1774,1017.3
2023-12-21 14:34:05.232,17.8,30.9,1772,1017.4
2023-12-21 14:34:03.189,17.9,31.0,1770,1017.4
2023-12-21 14:34:01.145,17.8,30.9,1774,1017.4
2023-12-21 14:33:59.103,17.8,31.0,1777,1017.4
2023-12-21 14:33:57.060,17.8,31.1,1775,1017.4
2023-12-21 14:33:55.017,17.9,31.1,1774,1017.4
2023-12-21 14:33:52.973,17.9,31.3,1773,1017.4
2023-12-21 14:33:50.931,17.8,31.2,1770,1017.4
2023-12-21 14:33:48.888,17.9,31.3,1772,1017.4
2023-12-21 14:33:46.845,17.8,31.5,1778,1017.4
2023-12-21 14:33:44.802,17.8,31.4,1776,1017.5
2023-12-21 14:33:42.759,17.9,31.5,1772,1017.5
2023-12-21 14:33:40.715,17.8,31.6,1770,1017.5
2023-12-21 14:33:38.672,17.9,31.7,1776,1017.5
2023-12-21 14:33:36.629,17.9,31.9,1776,1017.5
2023-12-21 14:33:34.586,17.9,32.0,1775,1017.5
2023-12-21 14:33:32.543,17.9,31.9,1773,1017.6
2023-12-21 14:33:30.500,17.9,32.2,1772,1017.5
2023-12-21 14:33:28.457,17.9,32.2,1770,1017.5
2023-12-21 14:33:26.414,17.9,32.3,1773,1017.5
2023-12-21 14:33:24.371,17.9,32.5,1777,1017.5
2023-12-21 14:33:22.327,17.9,32.4,1775,1017.6
2023-12-21 14:33:20.284,17.9,32.4,1772,1017.5
2023-12-21 14:33:18.241,17.9,32.4,1770,1017.5
2023-12-21 14:33:16.198,17.9,32.4,1770,1017.5
2023-12-21 14:33:14.155,17.9,32.5,1772,1017.5
2023-12-21 14:33:12.112,17.9,32.6,1776,1017.5
2023-12-21 14:33:10.069,17.9,32.6,1774,1017.5
2023-12-21 14:33:08.025,17.9,32.7,1773,1017.5
2023-12-21 14:33:05.983,17.9,32.9,1770,1017.5
2023-12-21 14:33:03.939,17.9,32.9,1771,1017.4
2023-12-21 14:33:01.896,17.9,32.9,1774,1017.5
2023-12-21 14:32:59.853,17.9,33.1,1778,1017.5
2023-12-21 14:32:57.810,17.9,33.4,1774,1017.5
2023-12-21 14:32:55.767,17.9,33.2,1773,1017.5
2023-12-21 14:32:53.725,17.9,33.0,1769,1017.4
2023-12-21 14:32:51.681,17.9,33.0,1770,1017.4
2023-12-21 14:32:49.638,17.9,33.0,1773,1017.4
2023-12-21 14:32:47.595,17.9,33.0,1776,1017.4
2023-12-21 14:32:45.553,17.9,33.0,1776,1017.4
2023-12-21 14:32:43.509,17.9,33.1,1775,1017.4
2023-12-21 14:32:41.466,17.9,33.1,1773,1017.4
2023-12-21 14:32:39.424,17.9,33.2,1772,1017.4
2023-12-21 14:32:37.380,17.9,33.3,1770,1017.4
2023-12-21 14:32:35.338,17.9,33.3,1770,1017.4
2023-12-21 14:32:33.295,17.9,33.1,1769,1017.4
2023-12-21 14:32:31.252,17.9,33.1,1772,1017.4
2023-12-21 14:32:29.209,17.9,32.8,1776,1017.3
2023-12-21 14:32:27.166,17.9,32.8,1777,1017.4
2023-12-21 14:32:25.123,17.9,32.6,1776,1017.3
2023-12-21 14:32:23.080,17.9,32.6,1772,1017.3
2023-12-21 14:32:21.037,17.9,32.5,1770,1017.3
2023-12-21 14:32:18.994,17.9,32.3,1769,1017.3
2023-12-21 14:32:16.951,17.9,32.2,1773,1017.3
2023-12-21 14:32:14.908,17.9,32.1,1770,1017.3
2023-12-21 14:32:12.865,17.9,31.9,1770,1017.3
2023-12-21 14:32:10.822,17.9,31.7,1771,1017.3
2023-12-21 14:32:08.780,18.0,31.4,1770,1017.3
2023-12-21 14:32:06.737,18.0,31.2,1769,1017.3
2023-12-21 14:32:04.694,18.0,30.9,1771,1017.3
2023-12-21 14:32:02.651,18.0,30.6,1775,1017.3
2023-12-21 14:32:00.608,18.0,30.3,1773,1017.3
2023-12-21 14:31:58.565,18.0,30.1,1771,1017.3
2023-12-21 14:31:56.522,18.0,29.9,1770,1017.3
2023-12-21 14:31:54.479,18.0,29.9,1770,1017.3
2023-12-21 14:31:52.436,18.0,30.0,1772,1017.3
2023-12-21 14:31:50.393,18.0,30.1,1776,1017.3
2023-12-21 14:31:48.350,18.1,30.1,1775,1017.3
2023-12-21 14:31:46.307,18.0,30.1,1774,1017.3
2023-12-21 14:31:44.264,18.1,30.1,1772,1017.3
2023-12-21 14:31:42.221,18.0,30.1,1772,1017.3
2023-12-21 14:31:40.178,18.1,30.2,1771,1017.4
2023-12-21 14:31:38.135,18.0,30.1,1770,1017.3
2023-12-21 14:31:36.092,18.1,30.3,1770,1017.3
2023-12-21 14:31:34.050,18.1,30.3,1771,1017.3
2023-12-21 14:31:32.006,18.1,30.4,1774,1017.3
2023-12-21 14:31:29.963,18.0,30.4,1777,1017.3
2023-12-21 14:31:27.920,18.1,30.5,1776,1017.3
2023-12-21 14:31:25.878,18.1,30.5,1774,1017.2
2023-12-21 14:31:23.835,18.1,30.5,1770,1017.3
2023-12-21 14:31:21.791,18.1,30.7,1768,1017.2
2023-12-21 14:31:19.749,18.1,30.7,1774,1017.3
2023-12-21 14:31:17.706,18.1,30.7,1777,1017.3
2023-12-21 14:31:15.662,18.1,30.4,1773,1017.3
2023-12-21 14:31:13.620,18.2,30.4,1771,1017.3
2023-12-21 14:31:11.577,18.1,30.3,1771,1017.3
2023-12-21 14:31:09.534,18.1,30.2,1777,1017.3
2023-12-21 14:31:07.491,18.2,30.3,1781,1017.3
2023-12-21 14:31:05.448,18.2,30.3,1779,1017.2
2023-12-21 14:31:03.404,18.1,30.4,1775,1017.2
2023-12-21 14:31:01.361,18.2,30.5,1775,1017.3
2023-12-21 14:30:59.317,18.2,30.5,1780,1017.2
2023-12-21 14:30:57.275,18.2,30.7,1782,1017.3
2023-12-21 14:30:55.232,18.2,30.7,1779,1017.3
2023-12-21 14:30:53.188,18.2,30.7,1778,1017.3
2023-12-21 14:30:51.146,18.2,30.9,1775,1017.3
2023-12-21 14:30:49.102,18.2,31.0,1774,1017.3
2023-12-21 14:30:47.059,18.2,31.0,1779,1017.3
2023-12-21 14:30:45.016,18.1,31.0,1763,1017.3
2023-12-21 14:30:42.972,18.1,31.2,1758,1017.3
2023-12-21 14:30:40.929,18.2,31.2,1755,1017.3
2023-12-21 14:30:38.887,18.2,31.3,1760,1017.3
2023-12-21 14:30:36.844,18.1,31.3,1764,1017.3
2023-12-21 14:30:34.801,18.2,31.3,1766,1017.3
2023-12-21 14:30:32.758,18.2,31.5,1761,1017.3
2023-12-21 14:30:30.715,18.2,31.6,1760,1017.3
2023-12-21 14:30:28.672,18.2,31.7,1757,1017.2
2023-12-21 14:30:26.629,18.1,31.6,1756,1017.3
2023-12-21 14:30:24.586,18.2,31.6,1761,1017.3
2023-12-21 14:30:22.543,18.1,31.3,23,1017.3
2023-12-21 14:30:20.500,18.1,31.2,19,1017.3
2023-12-21 14:30:18.457,18.1,31.2,165,1017.3
2023-12-21 14:30:16.414,18.0,31.1,1763,1017.3
2023-12-21 14:30:14.371,18.1,31.2,426,1017.3
2023-12-21 14:30:12.328,18.1,31.2,1373,1017.3
2023-12-21 14:30:10.285,18.1,31.3,1222,1017.3
2023-12-21 14:30:08.242,18.1,31.5,1222,1017.3
2023-12-21 14:30:06.199,18.1,31.5,1221,1017.3
2023-12-21 14:30:04.156,18.1,31.6,1220,1017.3
2023-12-21 14:30:02.113,18.1,31.8,1218,1017.3
2023-12-21 14:30:00.070,18.1,31.8,1221,1017.3
2023-12-21 14:29:58.026,18.0,32.1,1223,1017.3
2023-12-21 14:29:55.984,18.0,32.1,1223,1017.3
2023-12-21 14:29:53.941,18.0,32.3,1222,1017.3
2023-12-21 14:29:51.898,18.0,32.6,1219,1017.3
2023-12-21 14:29:49.856,18.0,32.8,1218,1017.2
2023-12-21 14:29:47.811,18.0,32.9,1220,1017.2
2023-12-21 14:29:45.769,18.0,33.0,1222,1017.2
2023-12-21 14:29:43.726,17.9,33.1,1221,1017.3
2023-12-21 14:29:41.683,17.9,33.4,1221,1017.2
2023-12-21 14:29:39.640,17.9,33.5,550,1017.2
2023-12-21 14:29:37.596,18.0,33.9,90,1017.3
2023-12-21 14:29:35.553,18.0,33.9,1265,1017.2
2023-12-21 14:29:33.510,18.0,33.8,783,1017.2
2023-12-21 14:29:31.467,17.9,33.8,356,1017.2
2023-12-21 14:29:29.424,17.9,33.4,202,1017.2
2023-12-21 14:29:27.380,17.9,33.5,316,1017.2
2023-12-21 14:29:25.337,17.9,33.5,267,1017.2
2023-12-21 14:29:23.294,17.9,33.4,282,1017.2
2023-12-21 14:29:21.250,17.9,33.3,288,1017.2
2023-12-21 14:29:19.207,17.9,33.0,339,1017.1
2023-12-21 14:29:17.163,17.8,32.6,1463,1017.2
2023-12-21 14:29:15.120,17.7,32.3,1360,1017.1
2023-12-21 14:29:13.077,17.7,32.4,1090,1017.1
2023-12-21 14:29:11.035,17.7,32.5,1519,1017.2
2023-12-21 14:29:08.992,17.7,32.6,1357,1017.1
2023-12-21 14:29:06.948,17.9,32.7,1464,1017.1
2023-12-21 14:29:04.905,17.8,32.8,1017,1017.1
2023-12-21 14:29:02.863,17.9,33.0,538,1017.2
2023-12-21 14:29:00.820,17.9,33.1,988,1017.2
2023-12-21 14:28:58.776,18.0,33.3,1734,1017.2
2023-12-21 14:28:56.733,18.1,33.5,1275,1017.2
2023-12-21 14:28:54.690,18.1,33.5,262,1017.2
2023-12-21 14:28:52.647,18.1,33.4,239,1017.2
2023-12-21 14:28:50.604,18.1,33.5,382,1017.2
2023-12-21 14:28:48.561,18.1,33.5,121,1017.2
2023-12-21 14:28:46.518,18.2,33.7,609,1017.2
2023-12-21 14:28:44.475,18.2,33.7,640,1017.2
2023-12-21 14:28:42.432,18.1,33.6,58,1017.2
2023-12-21 14:28:40.389,18.1,33.6,58,1017.1
2023-12-21 14:28:38.345,18.1,33.5,48,1017.1
2023-12-21 14:28:36.302,18.1,33.9,785,1017.1
2023-12-21 14:28:34.260,18.1,33.8,1614,1017.2
2023-12-21 14:28:32.217,18.1,33.8,1546,1017.2
2023-12-21 14:28:30.173,18.1,33.8,1525,1017.2
2023-12-21 14:28:28.131,18.1,33.9,133,1017.2
2023-12-21 14:28:26.087,18.0,33.7,341,1017.2
2023-12-21 14:28:24.043,18.0,33.8,362,1017.2
2023-12-21 14:28:22.001,18.0,33.6,717,1017.2
2023-12-21 14:28:19.958,18.0,33.8,1049,1017.2
2023-12-21 14:28:17.915,18.0,33.8,819,1017.2
2023-12-21 14:28:15.871,18.0,33.8,668,1017.2
2023-12-21 14:28:13.828,18.0,33.8,1520,1017.2
2023-12-21 14:28:11.785,18.0,33.7,1149,1017.2
2023-12-21 14:28:09.742,18.0,33.7,1368,1017.2
2023-12-21 14:28:07.699,18.0,33.9,364,1017.2
2023-12-21 14:28:05.656,17.9,34.0,1190,1017.2
2023-12-21 14:28:03.613,17.9,34.1,1203,1017.2
2023-12-21 14:28:01.570,17.9,34.1,1212,1017.2
2023-12-21 14:27:59.527,17.9,34.0,683,1017.2
2023-12-21 14:27:57.484,17.9,33.9,941,1017.2
2023-12-21 14:27:55.441,17.9,34.1,698,1017.2
2023-12-21 14:27:53.398,17.8,34.2,1312,1017.2
2023-12-21 14:27:51.355,17.9,34.4,1805,1017.2
2023-12-21 14:27:49.312,17.8,34.2,1765,1017.2
2023-12-21 14:27:47.268,17.8,34.1,502,1017.2
2023-12-21 14:27:45.225,17.8,33.9,812,1017.2
2023-12-21 14:27:43.182,17.8,34.1,325,1017.2
2023-12-21 14:27:41.139,17.7,34.3,596,1017.1
2023-12-21 14:27:39.096,17.7,34.6,827,1017.2
2023-12-21 14:27:37.053,17.7,34.8,836,1017.2
2023-12-21 14:27:35.010,17.7,35.0,156,1017.2
2023-12-21 14:27:32.967,17.8,35.3,495,1017.2
2023-12-21 14:27:30.924,17.8,35.4,202,1017.2
2023-12-21 14:27:28.881,17.8,35.5,215,1017.2
2023-12-21 14:27:26.837,17.7,35.8,427,1017.2
2023-12-21 14:27:24.794,17.8,35.9,196,1017.2
2023-12-21 14:27:22.751,17.7,36.0,121,1017.2
2023-12-21 14:27:20.708,17.7,36.1,600,1017.2
2023-12-21 14:27:18.665,17.8,36.2,59,1017.2
2023-12-21 14:27:16.623,17.8,36.4,786,1017.2
2023-12-21 14:27:14.579,17.8,36.6,761,1017.2
2023-12-21 14:27:12.536,17.7,36.5,945,1017.2
2023-12-21 14:27:10.494,17.7,36.8,467,1017.2
2023-12-21 14:27:08.450,17.7,37.2,290,1017.2
2023-12-21 14:27:06.407,17.7,37.3,253,1017.2
2023-12-21 14:27:04.364,17.7,37.3,277,1017.2
2023-12-21 14:27:02.321,17.7,37.5,275,1017.2
2023-12-21 14:27:00.278,17.8,37.9,1134,1017.2
2023-12-21 14:26:58.235,17.8,38.3,326,1017.3
2023-12-21 14:25:09.882,17.1,31.4,67,1018.9
2023-12-21 14:25:07.838,17.1,31.2,1411,1018.9
2023-12-21 14:25:05.795,17.1,31.3,234,1019.0
2023-12-21 14:25:03.752,17.1,31.2,174,1019.0
2023-12-21 14:25:01.709,17.2,31.4,538,1018.9
2023-12-21 14:24:59.666,17.1,31.2,245,1019.0
